Review,Subjectivity,Polarity,Analysis,Sentiment
We sat another ten minutes and finally gave up and left,0.3333333333333333,0.0,Positive,1
The servers are not pleasant to deal with and they don't always honor Pizza Hut coupons,0.9666666666666668,-0.36666666666666653,Negative,0
"Overall, I was very disappointed with the quality of food at Bouchon",0.4875,-0.4875,Negative,0
I can take a little bad service but the food sucks,0.4888888888888889,-0.3958333333333333,Negative,0
Food arrived quickly!,0.5,0.4166666666666666,Positive,1
The chicken wings contained the driest chicken meat I have ever eaten,0.95,-0.6,Negative,0
The service was meh,0.0,0.0,Positive,1
"The burger had absolutely no flavor - the meat itself was totally bland, the burger was overcooked and there was no charcoal flavor",0.8666666666666667,-0.13333333333333333,Negative,0
Best tater tots in the southwest,0.3,1.0,Positive,1
"Back to good BBQ, lighter fare, reasonable pricing and tell the public they are back to the old ways",0.2444444444444445,0.16666666666666666,Positive,1
Favorite place in town for shawarrrrrrma!!!!!!,1.0,1.0,Positive,1
"Love this place, hits the spot when I want something healthy but not lacking in quantity or flavor",0.55,0.5,Positive,1
You cant go wrong with any of the food here,0.9,-0.5,Negative,0
The vegetables are so fresh and the sauce feels like authentic Thai,0.625,0.4,Positive,1
The service here leaves a lot to be desired,0.0,0.0,Positive,1
Based on the sub-par service I received and no effort to show their gratitude for my business I won't be going back,0.0,0.0,Positive,1
I loved the bacon wrapped dates,0.8,0.7,Positive,1
I was so insulted,0.0,0.0,Positive,1
My ribeye steak was cooked perfectly and had great mesquite flavor,0.875,0.9,Positive,1
"They could serve it with just the vinaigrette and it may make for a better overall dish, but it was still very good",0.4266666666666668,0.47,Positive,1
Everything was fresh and delicious!,0.75,0.65,Positive,1
This place has it!,0.0,0.0,Positive,1
Highly recommended,0.5399999999999999,0.16,Positive,1
I ordered the Voodoo pasta and it was the first time I'd had really excellent pasta since going gluten free several years ago,0.5333333333333333,0.4125,Positive,1
The place beautiful and service is nice. The food so good,0.8666666666666667,0.7166666666666667,Positive,1
Will be back again!,0.0,0.0,Positive,1
Waitress was good though!,0.6000000000000001,0.875,Positive,1
Wow very spicy but delicious,0.7666666666666666,0.43333333333333335,Positive,1
Wow Loved this place,0.9,0.4,Positive,1
The service was outshining & I definitely recommend the Halibut,0.5,0.0,Positive,1
Everything on the menu is terrific and we were also thrilled that they made amazing accommodations for our vegetarian daughter,0.8666666666666667,0.4000000000000001,Positive,1
"Loved it friendly servers, great food, wonderful and imaginative menu",0.75,0.6950000000000001,Positive,1
Food was really good and I got full petty fast,0.5833333333333334,0.4166666666666666,Positive,1
"We thought you'd have to venture further away to get good sushi, but this place really hit the spot that night",0.43333333333333335,0.3,Positive,1
I've lived here since 1979 and this was the first (and last) time I've stepped foot into this place,0.2,0.125,Positive,1
TOTAL WASTE OF TIME,0.375,-0.1,Negative,0
Fantastic service here,0.9,0.4,Positive,1
There is so much good food in TERENGGANU that I feel cheated for wasting an eating opportunity by going to Rice and Company,0.6000000000000001,0.7,Positive,1
"Strike 2, who wants to be rushed",0.1,0.2,Positive,1
"If you want healthy authentic or ethic food, try this place",0.625,0.5,Positive,1
And the red curry had so much bamboo shoots and wasn't very tasty to me,0.16666666666666666,0.13333333333333333,Positive,1
We literally sat there for 20 minutes with no one asking to take our order,0.0,0.0,Positive,1
I dressed up to be treated so rudely!	0,0.6,-0.375,Negative,0
Very very fun chef,0.26,0.39,Positive,1
Must have been an off night at this place,0.0,0.0,Positive,1
It's too bad the food is so damn generic,0.3333333333333333,-0.3499999999999999,Negative,0
We got the food and apparently they have never heard of salt and the batter on the fish was chewy,0.35,0.05,Positive,1
"The guys all had steaks, and our steak loving son who has had steak at the best and worst places said it was the best steak he's ever eaten",0.6375,0.4,Positive,1
Some highlights : Great quality nigiri here!,0.75,1.0,Positive,1
It was not good,0.6000000000000001,-0.35,Negative,0
Update went back for a second time and it was still just as amazing,0.3,0.20000000000000004,Positive,1
Kind of hard to mess up a steak but they did,0.5388888888888889,0.04444444444444443,Positive,1
I really enjoyed eating here,0.7,0.5,Positive,1
The chefs were friendly and did a good job,0.55,0.5375,Positive,1
"When my order arrived, one of the gyros was missing",0.05,-0.2,Negative,0
My wife had the Lobster Bisque soup which was lukewarm,0.0,0.0,Positive,1
This place is amazing!,0.9,0.7500000000000001,Positive,1
"Although I very much liked the look and sound of this place, the actual experience was a bit disappointing",0.5,0.1,Positive,1
A great touch,0.75,0.8,Positive,1
Owner's are really great people,0.75,0.8,Positive,1
Today is the second time I've been to their lunch buffet and it was pretty good,0.5333333333333333,0.31666666666666665,Positive,1
When my mom and I got home she immediately got sick and she only had a few bites of salad,0.6523809523809524,-0.3047619047619048,Negative,0
Service was fine and the waitress was friendly,0.5,0.39583333333333337,Positive,1
It's worth driving up from Tucson!,0.1,0.375,Positive,1
Fantastic food!,0.9,0.5,Positive,1
Good Service-check!,0.6000000000000001,0.875,Positive,1
definitely will come back here again,0.25,0.0,Positive,1
you can watch them preparing the delicious food!),1.0,1.0,Positive,1
The inside is really quite nice and very clean,0.7033333333333335,0.4255555555555556,Positive,1
Honeslty it didn't taste THAT fresh,0.5,0.3,Positive,1
"Poor service, the waiter made me feel like I was stupid every time he came to the table",0.8,-0.6,Negative,0
"For about 10 minutes, we we're waiting for her salad when we realized that it wasn't coming any time soon",0.0,0.0,Positive,1
I've never been treated so bad,0.6666666666666666,-0.6999999999999998,Negative,0
Now this dish was quite flavourful,0.0,0.0,Positive,1
Will go back next trip out,0.0,0.0,Positive,1
The food was very good,0.7800000000000001,0.91,Positive,1
"The menu is always changing, food quality is going down & service is extremely slow",0.34444444444444444,-0.2277777777777778,Negative,0
"Everyone is very attentive, providing excellent customer service",1.0,0.76,Positive,1
Today was my first taste of a Buldogis Gourmet Hot Dog and I have to tell you it was more than I ever thought possible,0.6708333333333334,0.25,Positive,1
The food was excellent and service was very good,0.8900000000000001,0.955,Positive,1
this place is good,0.6000000000000001,0.7,Positive,1
She ordered a toasted English muffin that came out untoasted,0.0,0.0,Positive,1
This is a disgrace,0.0,0.0,Positive,1
I love the fact that everything on their menu is worth it,0.35,0.4,Positive,1
"In the summer, you can dine in a charming outdoor patio - so very delightful",1.0,0.85,Positive,1
I'll take my business dinner dollars elsewhere,0.0,0.0,Positive,1
I like Steiners because it's dark and it feels like a bar,0.4,-0.15,Negative,0
Food was really boring,1.0,-1.0,Negative,0
"Worst service to boot, but that is the least of their worries",0.7,-0.65,Negative,0
They dropped more than the ball,0.5,0.5,Positive,1
We walked away stuffed and happy about our first Vegas buffet experience,0.6666666666666666,0.525,Positive,1
"This hole in the wall has great Terengganu street dessert, and friendly staff",0.625,0.5875,Positive,1
This is a really fantastic Thai restaurant which is definitely worth a visit,0.5,0.35,Positive,1
The food was terrible,1.0,-1.0,Negative,0
Would not go back,0.0,0.0,Positive,1
Service sucks,0.3,-0.3,Negative,0
It is worth the drive,0.1,0.3,Positive,1
"Furthermore, you can't even find hours of operation on the website!",0.0,0.0,Positive,1
But now I was completely grossed out,0.4,0.1,Positive,1
DELICIOUS!!,1.0,1.0,Positive,1
"Seriously flavorful delights, folks",0.6666666666666666,-0.3333333333333333,Negative,0
5 stars for the brick oven bread app!,0.0,0.0,Positive,1
The last 3 times I had lunch here has been bad,0.36666666666666653,-0.3499999999999999,Negative,0
"The staff are great, the ambiance is great",0.75,0.8,Positive,1
"The only good thing was our waiter, he was very helpful and kept the bloddy mary's coming",0.6333333333333334,0.3,Positive,1
Bland Not a liking this place for a number of reasons and I don't want to waste time on bad reviewing  I'll leave it at that,0.5,-0.35555555555555546,Negative,0
"Our server was very nice, and even though he looked a little overwhelmed with all of our needs, he stayed professional and friendly until the end",0.525,0.266875,Positive,1
There is nothing privileged about working/eating there,0.0,0.0,Positive,1
"Great place to eat, reminds me of the little mom and pop shops in the San Francisco Bay Area",0.625,0.30625,Positive,1
"The shower area is outside so you can only rinse, not take a full shower, unless you don't mind being nude for everyone to see!",0.5333333333333333,0.14583333333333334,Positive,1
"Perhaps I caught them on an off night judging by the other reviews, but I'm not inspired to go back",0.1875,-0.0625,Negative,0
"Overall, I like this place a lot",0.0,0.0,Positive,1
Much better than the other AYCE sushi place I went to in Vegas,0.4375,0.1875,Positive,1
The portion was huge!,0.9,0.5000000000000001,Positive,1
Service stinks here!,0.5,-0.75,Negative,0
